{"name":"80d36439-dd64-4e0a-8ad5-4e2c8d7209e2","id":"/providers/Microsoft.Flow/flows/80d36439-dd64-4e0a-8ad5-4e2c8d7209e2","type":"Microsoft.Flow/flows","properties":{"apiId":"/providers/Microsoft.PowerApps/apis/shared_logicflows","displayName":"Button -> Get items,Initialize variable,Apply to each,Append to arr...","definition":{"metadata":{"workflowEntityId":null,"creator":{"id":"0dff2626-0899-4da7-bd49-dcb527fc8e6d","type":"User","tenantId":"9e51064f-f6a5-41a2-89a9-9785a9d6c706"},"provisioningMethod":"FromDefinition","failureAlertSubscription":true,"clientLastModifiedTime":"2019-10-25T07:14:37.4715657Z"},"$schema":"https://schema.management.azure.com/providers/Microsoft.Logic/schemas/2016-06-01/workflowdefinition.json#","contentVersion":"1.0.0.0","parameters":{"$connections":{"defaultValue":{},"type":"Object"},"$authentication":{"defaultValue":{},"type":"SecureObject"}},"triggers":{"manual":{"type":"Request","kind":"Button","inputs":{"schema":{"type":"object","properties":{"location":{"type":"object","properties":{"address":{"type":"object","properties":{"city":{"title":"City","type":"string","x-ms-dynamically-added":false}},"required":["city"]}}}},"required":["location"]}}}},"actions":{"Get_items":{"runAfter":{"Initialize_variable_4":["Succeeded"]},"metadata":{"flowSystemMetadata":{"swaggerOperationId":"GetItems"}},"type":"ApiConnection","inputs":{"host":{"connection":{"name":"@json(decodeBase64(triggerOutputs().headers['X-MS-APIM-Tokens']))['$connections']['shared_sharepointonline']['connectionId']"},"api":{"runtimeUrl":"https://asia-001.azure-apim.net/apim/sharepointonline"}},"method":"get","path":"/datasets/@{encodeURIComponent(encodeURIComponent('https://wicren.sharepoint.com/sites/IceCream'))}/tables/@{encodeURIComponent(encodeURIComponent('e71e3dbe-ef41-462c-b4f4-d77a25c32163'))}/items","authentication":{"type":"Raw","value":"@json(decodeBase64(triggerOutputs().headers['X-MS-APIM-Tokens']))['$ConnectionKey']"}}},"Initialize_variable":{"runAfter":{},"type":"InitializeVariable","inputs":{"variables":[{"name":"Information","type":"Array"}]}},"Apply_to_each":{"foreach":"@body('Get_items')?['value']","actions":{"Append_to_array_variable":{"runAfter":{},"type":"AppendToArrayVariable","inputs":{"name":"Information","value":{"ID":"@items('Apply_to_each')?['ID']","Full Name":"@items('Apply_to_each')?['FullName']","DOB":"@items('Apply_to_each')?['DOB']","City":"@items('Apply_to_each')?['City']","State":"@items('Apply_to_each')?['State']"}}}},"runAfter":{"Get_items":["Succeeded"]},"type":"Foreach"},"Apply_to_each_2":{"foreach":"@body('Get_items_2')?['value']","actions":{"Apply_to_each_3":{"foreach":"@variables('Information')","actions":{"Condition":{"actions":{"Apply_to_each_4":{"foreach":"@items('Apply_to_each_2')['Languages']","actions":{"Append_to_string_variable":{"runAfter":{},"type":"AppendToStringVariable","inputs":{"name":"LanguageTemp","value":"@{item()?['Value']} "}}},"runAfter":{"Set_variable":["Succeeded"]},"type":"Foreach"},"Set_variable":{"runAfter":{},"type":"SetVariable","inputs":{"name":"TempObject","value":"@setProperty(setProperty(item(), 'Gender', items('Apply_to_each_2')?['Gender']),'Languages','')"}},"Compose":{"runAfter":{"Apply_to_each_4":["Succeeded"]},"type":"Compose","inputs":"@setProperty(variables('TempObject'), 'Languages',variables('LanguageTemp'))"},"Append_to_array_variable_2":{"runAfter":{"Compose":["Succeeded"]},"type":"AppendToArrayVariable","inputs":{"name":"Total","value":"@setProperty(outputs('Compose'),'PhoneNumber',items('Apply_to_each_2')?['PhoneNumber'])"}},"Set_variable_2":{"runAfter":{"Append_to_array_variable_2":["Succeeded"]},"type":"SetVariable","inputs":{"name":"LanguageTemp","value":"@{null}"}}},"runAfter":{},"expression":{"equals":["@item()?['ID']","@items('Apply_to_each_2')?['MasterID']"]},"type":"If"}},"runAfter":{},"type":"Foreach"}},"runAfter":{"Get_items_2":["Succeeded"]},"type":"Foreach"},"Get_items_2":{"runAfter":{"Apply_to_each":["Succeeded"]},"metadata":{"flowSystemMetadata":{"swaggerOperationId":"GetItems"}},"type":"ApiConnection","inputs":{"host":{"connection":{"name":"@json(decodeBase64(triggerOutputs().headers['X-MS-APIM-Tokens']))['$connections']['shared_sharepointonline']['connectionId']"},"api":{"runtimeUrl":"https://asia-001.azure-apim.net/apim/sharepointonline"}},"method":"get","path":"/datasets/@{encodeURIComponent(encodeURIComponent('https://wicren.sharepoint.com/sites/IceCream'))}/tables/@{encodeURIComponent(encodeURIComponent('b8b277f4-c682-4158-babc-dc04e36b45e2'))}/items","authentication":{"type":"Raw","value":"@json(decodeBase64(triggerOutputs().headers['X-MS-APIM-Tokens']))['$ConnectionKey']"}}},"Initialize_variable_2":{"runAfter":{"Initialize_variable_3":["Succeeded"]},"type":"InitializeVariable","inputs":{"variables":[{"name":"Total","type":"Array"}]}},"Initialize_variable_3":{"runAfter":{"Initialize_variable":["Succeeded"]},"type":"InitializeVariable","inputs":{"variables":[{"name":"TempObject","type":"Object"}]}},"Initialize_variable_4":{"runAfter":{"Initialize_variable_2":["Succeeded"]},"type":"InitializeVariable","inputs":{"variables":[{"name":"LanguageTemp","type":"String"}]}},"Create_CSV_table":{"runAfter":{"Apply_to_each_2":["Succeeded"]},"type":"Table","inputs":{"from":"@variables('Total')","format":"CSV"}}},"outputs":{}},"connectionReferences":{"shared_sharepointonline":{"connectionName":"36ae960874774fb68d5f1147e33e13ee","source":"Invoker","id":"/providers/Microsoft.PowerApps/apis/shared_sharepointonline","tier":"NotSpecified"}},"flowFailureAlertSubscribed":false}}